epoch,train_loss,val_loss,val_acc,val_f1,val_auc
1,0.25176859834231435,0.09907158883288503,0.9535714285714286,0.951310861423221,0.9973979591836735
2,0.11593613114440814,0.0378960769448895,0.9857142857142858,0.9855072463768116,0.9996938775510205
